Country,Subcategory,Unit,Year,Actual
Japan,Economy Dry Cat Food,Kilograms,2012,79693277
Japan,Economy Dry Cat Food,Kilograms,2013,47503694
Japan,Economy Dry Cat Food,Kilograms,2014,57285971
Japan,Economy Dry Cat Food,Kilograms,2015,22678420
Japan,Economy Dry Cat Food,Kilograms,2016,39143565
Japan,Economy Dry Cat Food,Kilograms,2017,58853815
Japan,Economy Dry Cat Food,Kilograms,2018,51414445
Japan,Economy Dry Cat Food,Kilograms,2019,83212636
Japan,Economy Dry Cat Food,Kilograms,2020,55623754
Japan,Economy Dry Cat Food,Kilograms,2021,88241574
Japan,Economy Dry Cat Food,Kilograms,2022,78044689
Japan,Economy Dry Cat Food,Kilograms,2023,84744033
Japan,Economy Dry Cat Food,Kilograms,2024,84269483
Japan,Economy Dry Cat Food,Kilograms,2025,61012946
Japan,Economy Dry Dog Food,Kilograms,2012,32485834
Japan,Economy Dry Dog Food,Kilograms,2013,82321902
Japan,Economy Dry Dog Food,Kilograms,2014,81802338
Japan,Economy Dry Dog Food,Kilograms,2015,79264545
Japan,Economy Dry Dog Food,Kilograms,2016,47596712
Japan,Economy Dry Dog Food,Kilograms,2017,65465137
Japan,Economy Dry Dog Food,Kilograms,2018,69138218
Japan,Economy Dry Dog Food,Kilograms,2019,83727579
Japan,Economy Dry Dog Food,Kilograms,2020,66213393
Japan,Economy Dry Dog Food,Kilograms,2021,58435792
Japan,Economy Dry Dog Food,Kilograms,2022,22958778
Japan,Economy Dry Dog Food,Kilograms,2023,70630909
Japan,Economy Dry Dog Food,Kilograms,2024,27973751
Japan,Economy Dry Dog Food,Kilograms,2025,77526084
Japan,Economy Wet Cat Food,Kilograms,2012,66307971
Japan,Economy Wet Cat Food,Kilograms,2013,20787858
Japan,Economy Wet Cat Food,Kilograms,2014,46845431
Japan,Economy Wet Cat Food,Kilograms,2015,84871883
Japan,Economy Wet Cat Food,Kilograms,2016,25661214
Japan,Economy Wet Cat Food,Kilograms,2017,28441524
Japan,Economy Wet Cat Food,Kilograms,2018,51378730
Japan,Economy Wet Cat Food,Kilograms,2019,73603296
Japan,Economy Wet Cat Food,Kilograms,2020,85118091
Japan,Economy Wet Cat Food,Kilograms,2021,85702576
Japan,Economy Wet Cat Food,Kilograms,2022,29860609
Japan,Economy Wet Cat Food,Kilograms,2023,25158779
Japan,Economy Wet Cat Food,Kilograms,2024,60334744
Japan,Economy Wet Cat Food,Kilograms,2025,69218771
Japan,Economy Wet Dog Food,Kilograms,2012,71867706
Japan,Economy Wet Dog Food,Kilograms,2013,26836130
Japan,Economy Wet Dog Food,Kilograms,2014,59289668
Japan,Economy Wet Dog Food,Kilograms,2015,21588707
Japan,Economy Wet Dog Food,Kilograms,2016,30046911
Japan,Economy Wet Dog Food,Kilograms,2017,77507882
Japan,Economy Wet Dog Food,Kilograms,2018,53862448
Japan,Economy Wet Dog Food,Kilograms,2019,40441028
Japan,Economy Wet Dog Food,Kilograms,2020,41691652
Japan,Economy Wet Dog Food,Kilograms,2021,86184231
Japan,Economy Wet Dog Food,Kilograms,2022,29102184
Japan,Economy Wet Dog Food,Kilograms,2023,53498747
Japan,Economy Wet Dog Food,Kilograms,2024,28895854
Japan,Economy Wet Dog Food,Kilograms,2025,79628371
Japan,Mid-Priced Dry Cat Food,Kilograms,2012,24636259
Japan,Mid-Priced Dry Cat Food,Kilograms,2013,39608695
Japan,Mid-Priced Dry Cat Food,Kilograms,2014,27463616
Japan,Mid-Priced Dry Cat Food,Kilograms,2015,56293606
Japan,Mid-Priced Dry Cat Food,Kilograms,2016,75914432
Japan,Mid-Priced Dry Cat Food,Kilograms,2017,35087713
Japan,Mid-Priced Dry Cat Food,Kilograms,2018,23537114
Japan,Mid-Priced Dry Cat Food,Kilograms,2019,68262896
Japan,Mid-Priced Dry Cat Food,Kilograms,2020,62138565
Japan,Mid-Priced Dry Cat Food,Kilograms,2021,53270917
Japan,Mid-Priced Dry Cat Food,Kilograms,2022,46685359
Japan,Mid-Priced Dry Cat Food,Kilograms,2023,73431421
Japan,Mid-Priced Dry Cat Food,Kilograms,2024,83180127
Japan,Mid-Priced Dry Cat Food,Kilograms,2025,26392854
Japan,Mid-Priced Dry Dog Food,Kilograms,2012,25217857
Japan,Mid-Priced Dry Dog Food,Kilograms,2013,22752940
Japan,Mid-Priced Dry Dog Food,Kilograms,2014,44132028
Japan,Mid-Priced Dry Dog Food,Kilograms,2015,60139692
Japan,Mid-Priced Dry Dog Food,Kilograms,2016,49555231
Japan,Mid-Priced Dry Dog Food,Kilograms,2017,79291814
Japan,Mid-Priced Dry Dog Food,Kilograms,2018,50756496
Japan,Mid-Priced Dry Dog Food,Kilograms,2019,54569390
Japan,Mid-Priced Dry Dog Food,Kilograms,2020,76202366
Japan,Mid-Priced Dry Dog Food,Kilograms,2021,75042465
Japan,Mid-Priced Dry Dog Food,Kilograms,2022,46938168
Japan,Mid-Priced Dry Dog Food,Kilograms,2023,87062078
Japan,Mid-Priced Dry Dog Food,Kilograms,2024,55611044
Japan,Mid-Priced Dry Dog Food,Kilograms,2025,31314303
Japan,Mid-Priced Wet Cat Food,Kilograms,2012,79375496
Japan,Mid-Priced Wet Cat Food,Kilograms,2013,86273135
Japan,Mid-Priced Wet Cat Food,Kilograms,2014,60171997
Japan,Mid-Priced Wet Cat Food,Kilograms,2015,54989821
Japan,Mid-Priced Wet Cat Food,Kilograms,2016,31072565
Japan,Mid-Priced Wet Cat Food,Kilograms,2017,75056275
Japan,Mid-Priced Wet Cat Food,Kilograms,2018,67931781
Japan,Mid-Priced Wet Cat Food,Kilograms,2019,67920905
Japan,Mid-Priced Wet Cat Food,Kilograms,2020,57296375
Japan,Mid-Priced Wet Cat Food,Kilograms,2021,79526417
Japan,Mid-Priced Wet Cat Food,Kilograms,2022,58484710
Japan,Mid-Priced Wet Cat Food,Kilograms,2023,53350553
Japan,Mid-Priced Wet Cat Food,Kilograms,2024,38184947
Japan,Mid-Priced Wet Cat Food,Kilograms,2025,63387552
Japan,Mid-Priced Wet Dog Food,Kilograms,2012,55472809
Japan,Mid-Priced Wet Dog Food,Kilograms,2013,39842757
Japan,Mid-Priced Wet Dog Food,Kilograms,2014,43639104
Japan,Mid-Priced Wet Dog Food,Kilograms,2015,78105280
Japan,Mid-Priced Wet Dog Food,Kilograms,2016,57173813
Japan,Mid-Priced Wet Dog Food,Kilograms,2017,63883256
Japan,Mid-Priced Wet Dog Food,Kilograms,2018,44124453
Japan,Mid-Priced Wet Dog Food,Kilograms,2019,20400613
Japan,Mid-Priced Wet Dog Food,Kilograms,2020,89728567
Japan,Mid-Priced Wet Dog Food,Kilograms,2021,25487857
Japan,Mid-Priced Wet Dog Food,Kilograms,2022,82486091
Japan,Mid-Priced Wet Dog Food,Kilograms,2023,49339895
Japan,Mid-Priced Wet Dog Food,Kilograms,2024,26137754
Japan,Mid-Priced Wet Dog Food,Kilograms,2025,83716382
Japan,Premium Dry Cat Food,Kilograms,2012,88422456
Japan,Premium Dry Cat Food,Kilograms,2013,48393811
Japan,Premium Dry Cat Food,Kilograms,2014,20429570
Japan,Premium Dry Cat Food,Kilograms,2015,34321824
Japan,Premium Dry Cat Food,Kilograms,2016,74151913
Japan,Premium Dry Cat Food,Kilograms,2017,56347754
Japan,Premium Dry Cat Food,Kilograms,2018,55817683
Japan,Premium Dry Cat Food,Kilograms,2019,79821637
Japan,Premium Dry Cat Food,Kilograms,2020,66395766
Japan,Premium Dry Cat Food,Kilograms,2021,24286300
Japan,Premium Dry Cat Food,Kilograms,2022,72526740
Japan,Premium Dry Cat Food,Kilograms,2023,86946168
Japan,Premium Dry Cat Food,Kilograms,2024,25249139
Japan,Premium Dry Cat Food,Kilograms,2025,57772706
Japan,Premium Dry Dog Food,Kilograms,2012,21461374
Japan,Premium Dry Dog Food,Kilograms,2013,31414433
Japan,Premium Dry Dog Food,Kilograms,2014,64830611
Japan,Premium Dry Dog Food,Kilograms,2015,46085963
Japan,Premium Dry Dog Food,Kilograms,2016,44673289
Japan,Premium Dry Dog Food,Kilograms,2017,63257206
Japan,Premium Dry Dog Food,Kilograms,2018,48582084
Japan,Premium Dry Dog Food,Kilograms,2019,63396100
Japan,Premium Dry Dog Food,Kilograms,2020,48161865
Japan,Premium Dry Dog Food,Kilograms,2021,53183765
Japan,Premium Dry Dog Food,Kilograms,2022,61639441
Japan,Premium Dry Dog Food,Kilograms,2023,55322015
Japan,Premium Dry Dog Food,Kilograms,2024,81283344
Japan,Premium Dry Dog Food,Kilograms,2025,34554891
Japan,Premium Wet Cat Food,Kilograms,2012,45172661
Japan,Premium Wet Cat Food,Kilograms,2013,77909423
Japan,Premium Wet Cat Food,Kilograms,2014,21918205
Japan,Premium Wet Cat Food,Kilograms,2015,54301032
Japan,Premium Wet Cat Food,Kilograms,2016,63904662
Japan,Premium Wet Cat Food,Kilograms,2017,32384159
Japan,Premium Wet Cat Food,Kilograms,2018,38837033
Japan,Premium Wet Cat Food,Kilograms,2019,82635250
Japan,Premium Wet Cat Food,Kilograms,2020,28498228
Japan,Premium Wet Cat Food,Kilograms,2021,50723347
Japan,Premium Wet Cat Food,Kilograms,2022,51763210
Japan,Premium Wet Cat Food,Kilograms,2023,30639913
Japan,Premium Wet Cat Food,Kilograms,2024,70698399
Japan,Premium Wet Cat Food,Kilograms,2025,55438597
Japan,Premium Wet Dog Food,Kilograms,2012,70946368
Japan,Premium Wet Dog Food,Kilograms,2013,78915978
Japan,Premium Wet Dog Food,Kilograms,2014,20077779
Japan,Premium Wet Dog Food,Kilograms,2015,53145551
Japan,Premium Wet Dog Food,Kilograms,2016,72161271
Japan,Premium Wet Dog Food,Kilograms,2017,62419323
Japan,Premium Wet Dog Food,Kilograms,2018,38816148
Japan,Premium Wet Dog Food,Kilograms,2019,53560474
Japan,Premium Wet Dog Food,Kilograms,2020,81203898
Japan,Premium Wet Dog Food,Kilograms,2021,46714094
Japan,Premium Wet Dog Food,Kilograms,2022,86072692
Japan,Premium Wet Dog Food,Kilograms,2023,21505484
Japan,Premium Wet Dog Food,Kilograms,2024,69406127
Japan,Premium Wet Dog Food,Kilograms,2025,87448255
Malaysia,Economy Dry Cat Food,Kilograms,2012,83690260
Malaysia,Economy Dry Cat Food,Kilograms,2013,67699471
Malaysia,Economy Dry Cat Food,Kilograms,2014,56614992
Malaysia,Economy Dry Cat Food,Kilograms,2015,28648362
Malaysia,Economy Dry Cat Food,Kilograms,2016,57145582
Malaysia,Economy Dry Cat Food,Kilograms,2017,30248196
Malaysia,Economy Dry Cat Food,Kilograms,2018,38924938
Malaysia,Economy Dry Cat Food,Kilograms,2019,83950007
Malaysia,Economy Dry Cat Food,Kilograms,2020,34761751
Malaysia,Economy Dry Cat Food,Kilograms,2021,40620421
Malaysia,Economy Dry Cat Food,Kilograms,2022,81132683
Malaysia,Economy Dry Cat Food,Kilograms,2023,31772726
Malaysia,Economy Dry Cat Food,Kilograms,2024,36759062
Malaysia,Economy Dry Cat Food,Kilograms,2025,56658985
Malaysia,Economy Dry Dog Food,Kilograms,2012,62145636
Malaysia,Economy Dry Dog Food,Kilograms,2013,20374016
Malaysia,Economy Dry Dog Food,Kilograms,2014,84445502
Malaysia,Economy Dry Dog Food,Kilograms,2015,42458383
Malaysia,Economy Dry Dog Food,Kilograms,2016,55821264
Malaysia,Economy Dry Dog Food,Kilograms,2017,45248828
Malaysia,Economy Dry Dog Food,Kilograms,2018,51624883
Malaysia,Economy Dry Dog Food,Kilograms,2019,70753235
Malaysia,Economy Dry Dog Food,Kilograms,2020,20707417
Malaysia,Economy Dry Dog Food,Kilograms,2021,40936033
Malaysia,Economy Dry Dog Food,Kilograms,2022,28265244
Malaysia,Economy Dry Dog Food,Kilograms,2023,28186867
Malaysia,Economy Dry Dog Food,Kilograms,2024,63329926
Malaysia,Economy Dry Dog Food,Kilograms,2025,78143825
Malaysia,Economy Wet Cat Food,Kilograms,2012,78731237
Malaysia,Economy Wet Cat Food,Kilograms,2013,89680078
Malaysia,Economy Wet Cat Food,Kilograms,2014,78969323
Malaysia,Economy Wet Cat Food,Kilograms,2015,67340939
Malaysia,Economy Wet Cat Food,Kilograms,2016,71157892
Malaysia,Economy Wet Cat Food,Kilograms,2017,42772961
Malaysia,Economy Wet Cat Food,Kilograms,2018,30450658
Malaysia,Economy Wet Cat Food,Kilograms,2019,28806484
Malaysia,Economy Wet Cat Food,Kilograms,2020,70128054
Malaysia,Economy Wet Cat Food,Kilograms,2021,71953701
Malaysia,Economy Wet Cat Food,Kilograms,2022,21037806
Malaysia,Economy Wet Cat Food,Kilograms,2023,22877441
Malaysia,Economy Wet Cat Food,Kilograms,2024,62110245
Malaysia,Economy Wet Cat Food,Kilograms,2025,83851050
Malaysia,Mid-Priced Dry Cat Food,Kilograms,2012,20275536
Malaysia,Mid-Priced Dry Cat Food,Kilograms,2013,23348331
Malaysia,Mid-Priced Dry Cat Food,Kilograms,2014,32960641
Malaysia,Mid-Priced Dry Cat Food,Kilograms,2015,63301404
Malaysia,Mid-Priced Dry Cat Food,Kilograms,2016,84580622
Malaysia,Mid-Priced Dry Cat Food,Kilograms,2017,79593794
Malaysia,Mid-Priced Dry Cat Food,Kilograms,2018,39748175
Malaysia,Mid-Priced Dry Cat Food,Kilograms,2019,52426637
Malaysia,Mid-Priced Dry Cat Food,Kilograms,2020,73517107
Malaysia,Mid-Priced Dry Cat Food,Kilograms,2021,74347075
Malaysia,Mid-Priced Dry Cat Food,Kilograms,2022,73255924
Malaysia,Mid-Priced Dry Cat Food,Kilograms,2023,82583227
Malaysia,Mid-Priced Dry Cat Food,Kilograms,2024,67842759
Malaysia,Mid-Priced Dry Cat Food,Kilograms,2025,22813597
Malaysia,Mid-Priced Dry Dog Food,Kilograms,2012,84961331
Malaysia,Mid-Priced Dry Dog Food,Kilograms,2013,57462539
Malaysia,Mid-Priced Dry Dog Food,Kilograms,2014,85493816
Malaysia,Mid-Priced Dry Dog Food,Kilograms,2015,32277114
Malaysia,Mid-Priced Dry Dog Food,Kilograms,2016,23077094
Malaysia,Mid-Priced Dry Dog Food,Kilograms,2017,66677029
Malaysia,Mid-Priced Dry Dog Food,Kilograms,2018,87771563
Malaysia,Mid-Priced Dry Dog Food,Kilograms,2019,87895183
Malaysia,Mid-Priced Dry Dog Food,Kilograms,2020,66200177
Malaysia,Mid-Priced Dry Dog Food,Kilograms,2021,69223332
Malaysia,Mid-Priced Dry Dog Food,Kilograms,2022,35166435
Malaysia,Mid-Priced Dry Dog Food,Kilograms,2023,55158364
Malaysia,Mid-Priced Dry Dog Food,Kilograms,2024,51018779
Malaysia,Mid-Priced Dry Dog Food,Kilograms,2025,48350441
Malaysia,Mid-Priced Wet Cat Food,Kilograms,2012,65232334
Malaysia,Mid-Priced Wet Cat Food,Kilograms,2013,88111048
Malaysia,Mid-Priced Wet Cat Food,Kilograms,2014,27685392
Malaysia,Mid-Priced Wet Cat Food,Kilograms,2015,81426023
Malaysia,Mid-Priced Wet Cat Food,Kilograms,2016,71418945
Malaysia,Mid-Priced Wet Cat Food,Kilograms,2017,40819185
Malaysia,Mid-Priced Wet Cat Food,Kilograms,2018,59690681
Malaysia,Mid-Priced Wet Cat Food,Kilograms,2019,56956341
Malaysia,Mid-Priced Wet Cat Food,Kilograms,2020,89002417
Malaysia,Mid-Priced Wet Cat Food,Kilograms,2021,68547440
Malaysia,Mid-Priced Wet Cat Food,Kilograms,2022,28014122
Malaysia,Mid-Priced Wet Cat Food,Kilograms,2023,61642120
Malaysia,Mid-Priced Wet Cat Food,Kilograms,2024,82531017
Malaysia,Mid-Priced Wet Cat Food,Kilograms,2025,56162289
Malaysia,Mid-Priced Wet Dog Food,Kilograms,2012,25310719
Malaysia,Mid-Priced Wet Dog Food,Kilograms,2013,29135516
Malaysia,Mid-Priced Wet Dog Food,Kilograms,2014,79974525
Malaysia,Mid-Priced Wet Dog Food,Kilograms,2015,31406765
Malaysia,Mid-Priced Wet Dog Food,Kilograms,2016,56893049
Malaysia,Mid-Priced Wet Dog Food,Kilograms,2017,64674143
Malaysia,Mid-Priced Wet Dog Food,Kilograms,2018,71644092
Malaysia,Mid-Priced Wet Dog Food,Kilograms,2019,23890747
Malaysia,Mid-Priced Wet Dog Food,Kilograms,2020,78777000
Malaysia,Mid-Priced Wet Dog Food,Kilograms,2021,47890377
Malaysia,Mid-Priced Wet Dog Food,Kilograms,2022,66472116
Malaysia,Mid-Priced Wet Dog Food,Kilograms,2023,83479616
Malaysia,Mid-Priced Wet Dog Food,Kilograms,2024,86789015
Malaysia,Mid-Priced Wet Dog Food,Kilograms,2025,70689351
Malaysia,Premium Dry Cat Food,Kilograms,2012,41569986
Malaysia,Premium Dry Cat Food,Kilograms,2013,20543793
Malaysia,Premium Dry Cat Food,Kilograms,2014,24633668
Malaysia,Premium Dry Cat Food,Kilograms,2015,74141572
Malaysia,Premium Dry Cat Food,Kilograms,2016,29553079
Malaysia,Premium Dry Cat Food,Kilograms,2017,58194243
Malaysia,Premium Dry Cat Food,Kilograms,2018,29672017
Malaysia,Premium Dry Cat Food,Kilograms,2019,63519846
Malaysia,Premium Dry Cat Food,Kilograms,2020,64200659
Malaysia,Premium Dry Cat Food,Kilograms,2021,27259129
Malaysia,Premium Dry Cat Food,Kilograms,2022,37284779
Malaysia,Premium Dry Cat Food,Kilograms,2023,41229253
Malaysia,Premium Dry Cat Food,Kilograms,2024,84364584
Malaysia,Premium Dry Cat Food,Kilograms,2025,28494304
Malaysia,Premium Dry Dog Food,Kilograms,2012,35651303
Malaysia,Premium Dry Dog Food,Kilograms,2013,35178341
Malaysia,Premium Dry Dog Food,Kilograms,2014,42379299
Malaysia,Premium Dry Dog Food,Kilograms,2015,46163763
Malaysia,Premium Dry Dog Food,Kilograms,2016,79085897
Malaysia,Premium Dry Dog Food,Kilograms,2017,55743954
Malaysia,Premium Dry Dog Food,Kilograms,2018,43401409
Malaysia,Premium Dry Dog Food,Kilograms,2019,55041159
Malaysia,Premium Dry Dog Food,Kilograms,2020,63869665
Malaysia,Premium Dry Dog Food,Kilograms,2021,87340544
Malaysia,Premium Dry Dog Food,Kilograms,2022,64510029
Malaysia,Premium Dry Dog Food,Kilograms,2023,26334597
Malaysia,Premium Dry Dog Food,Kilograms,2024,57021741
Malaysia,Premium Dry Dog Food,Kilograms,2025,53201175
Malaysia,Premium Wet Cat Food,Kilograms,2012,40082991
Malaysia,Premium Wet Cat Food,Kilograms,2013,53874617
Malaysia,Premium Wet Cat Food,Kilograms,2014,62749647
Malaysia,Premium Wet Cat Food,Kilograms,2015,71161391
Malaysia,Premium Wet Cat Food,Kilograms,2016,66513685
Malaysia,Premium Wet Cat Food,Kilograms,2017,71004763
Malaysia,Premium Wet Cat Food,Kilograms,2018,60703980
Malaysia,Premium Wet Cat Food,Kilograms,2019,49519080
Malaysia,Premium Wet Cat Food,Kilograms,2020,55688714
Malaysia,Premium Wet Cat Food,Kilograms,2021,21329549
Malaysia,Premium Wet Cat Food,Kilograms,2022,26934005
Malaysia,Premium Wet Cat Food,Kilograms,2023,47550840
Malaysia,Premium Wet Cat Food,Kilograms,2024,89220080
Malaysia,Premium Wet Cat Food,Kilograms,2025,27552423
Malaysia,Premium Wet Dog Food,Kilograms,2012,63206810
Malaysia,Premium Wet Dog Food,Kilograms,2013,57127731
Malaysia,Premium Wet Dog Food,Kilograms,2014,54753041
Malaysia,Premium Wet Dog Food,Kilograms,2015,31145747
Malaysia,Premium Wet Dog Food,Kilograms,2016,79005736
Malaysia,Premium Wet Dog Food,Kilograms,2017,57976340
Malaysia,Premium Wet Dog Food,Kilograms,2018,65957156
Malaysia,Premium Wet Dog Food,Kilograms,2019,42717779
Malaysia,Premium Wet Dog Food,Kilograms,2020,82340791
Malaysia,Premium Wet Dog Food,Kilograms,2021,83694640
Malaysia,Premium Wet Dog Food,Kilograms,2022,41503459
Malaysia,Premium Wet Dog Food,Kilograms,2023,28074823
Malaysia,Premium Wet Dog Food,Kilograms,2024,86955269
Malaysia,Premium Wet Dog Food,Kilograms,2025,52115172
Singapore,Mid-Priced Dry Cat Food,Kilograms,2012,20915574
Singapore,Mid-Priced Dry Cat Food,Kilograms,2013,54698278
Singapore,Mid-Priced Dry Cat Food,Kilograms,2014,27132202
Singapore,Mid-Priced Dry Cat Food,Kilograms,2015,64425595
Singapore,Mid-Priced Dry Cat Food,Kilograms,2016,50100022
Singapore,Mid-Priced Dry Cat Food,Kilograms,2017,38541515
Singapore,Mid-Priced Dry Cat Food,Kilograms,2018,36956043
Singapore,Mid-Priced Dry Cat Food,Kilograms,2019,35601624
Singapore,Mid-Priced Dry Cat Food,Kilograms,2020,37289998
Singapore,Mid-Priced Dry Cat Food,Kilograms,2021,71650654
Singapore,Mid-Priced Dry Cat Food,Kilograms,2022,61548232
Singapore,Mid-Priced Dry Cat Food,Kilograms,2023,34093230
Singapore,Mid-Priced Dry Cat Food,Kilograms,2024,70389751
Singapore,Mid-Priced Dry Cat Food,Kilograms,2025,51184407
Singapore,Mid-Priced Dry Dog Food,Kilograms,2012,45482513
Singapore,Mid-Priced Dry Dog Food,Kilograms,2013,52189449
Singapore,Mid-Priced Dry Dog Food,Kilograms,2014,23862929
Singapore,Mid-Priced Dry Dog Food,Kilograms,2015,86185598
Singapore,Mid-Priced Dry Dog Food,Kilograms,2016,81478784
Singapore,Mid-Priced Dry Dog Food,Kilograms,2017,62579844
Singapore,Mid-Priced Dry Dog Food,Kilograms,2018,51565100
Singapore,Mid-Priced Dry Dog Food,Kilograms,2019,52562042
Singapore,Mid-Priced Dry Dog Food,Kilograms,2020,40523749
Singapore,Mid-Priced Dry Dog Food,Kilograms,2021,87956115
Singapore,Mid-Priced Dry Dog Food,Kilograms,2022,24918223
Singapore,Mid-Priced Dry Dog Food,Kilograms,2023,38760189
Singapore,Mid-Priced Dry Dog Food,Kilograms,2024,41448825
Singapore,Mid-Priced Dry Dog Food,Kilograms,2025,57576140
Singapore,Mid-Priced Wet Cat Food,Kilograms,2012,47922021
Singapore,Mid-Priced Wet Cat Food,Kilograms,2013,75867726
Singapore,Mid-Priced Wet Cat Food,Kilograms,2014,83339327
Singapore,Mid-Priced Wet Cat Food,Kilograms,2015,22525837
Singapore,Mid-Priced Wet Cat Food,Kilograms,2016,75506465
Singapore,Mid-Priced Wet Cat Food,Kilograms,2017,61289533
Singapore,Mid-Priced Wet Cat Food,Kilograms,2018,82176060
Singapore,Mid-Priced Wet Cat Food,Kilograms,2019,82860506
Singapore,Mid-Priced Wet Cat Food,Kilograms,2020,48342043
Singapore,Mid-Priced Wet Cat Food,Kilograms,2021,56255838
Singapore,Mid-Priced Wet Cat Food,Kilograms,2022,20624164
Singapore,Mid-Priced Wet Cat Food,Kilograms,2023,87285068
Singapore,Mid-Priced Wet Cat Food,Kilograms,2024,50575108
Singapore,Mid-Priced Wet Cat Food,Kilograms,2025,87256008
Singapore,Mid-Priced Wet Dog Food,Kilograms,2012,72647299
Singapore,Mid-Priced Wet Dog Food,Kilograms,2013,84565757
Singapore,Mid-Priced Wet Dog Food,Kilograms,2014,44973572
Singapore,Mid-Priced Wet Dog Food,Kilograms,2015,28533909
Singapore,Mid-Priced Wet Dog Food,Kilograms,2016,36792950
Singapore,Mid-Priced Wet Dog Food,Kilograms,2017,66589999
Singapore,Mid-Priced Wet Dog Food,Kilograms,2018,89019217
Singapore,Mid-Priced Wet Dog Food,Kilograms,2019,51445883
Singapore,Mid-Priced Wet Dog Food,Kilograms,2020,22139978
Singapore,Mid-Priced Wet Dog Food,Kilograms,2021,35772873
Singapore,Mid-Priced Wet Dog Food,Kilograms,2022,46989265
Singapore,Mid-Priced Wet Dog Food,Kilograms,2023,23632193
Singapore,Mid-Priced Wet Dog Food,Kilograms,2024,54267487
Singapore,Mid-Priced Wet Dog Food,Kilograms,2025,31220530
Singapore,Premium Dry Cat Food,Kilograms,2012,84149494
Singapore,Premium Dry Cat Food,Kilograms,2013,72265775
Singapore,Premium Dry Cat Food,Kilograms,2014,71982874
Singapore,Premium Dry Cat Food,Kilograms,2015,59030147
Singapore,Premium Dry Cat Food,Kilograms,2016,23043865
Singapore,Premium Dry Cat Food,Kilograms,2017,20067693
Singapore,Premium Dry Cat Food,Kilograms,2018,24464948
Singapore,Premium Dry Cat Food,Kilograms,2019,23428515
Singapore,Premium Dry Cat Food,Kilograms,2020,58431079
Singapore,Premium Dry Cat Food,Kilograms,2021,62956793
Singapore,Premium Dry Cat Food,Kilograms,2022,49881355
Singapore,Premium Dry Cat Food,Kilograms,2023,65198586
Singapore,Premium Dry Cat Food,Kilograms,2024,89779216
Singapore,Premium Dry Cat Food,Kilograms,2025,77833014
Singapore,Premium Dry Dog Food,Kilograms,2012,50588310
Singapore,Premium Dry Dog Food,Kilograms,2013,38946754
Singapore,Premium Dry Dog Food,Kilograms,2014,74158728
Singapore,Premium Dry Dog Food,Kilograms,2015,50317852
Singapore,Premium Dry Dog Food,Kilograms,2016,53494603
Singapore,Premium Dry Dog Food,Kilograms,2017,62671065
Singapore,Premium Dry Dog Food,Kilograms,2018,22468056
Singapore,Premium Dry Dog Food,Kilograms,2019,69798428
Singapore,Premium Dry Dog Food,Kilograms,2020,23895294
Singapore,Premium Dry Dog Food,Kilograms,2021,88264214
Singapore,Premium Dry Dog Food,Kilograms,2022,21629469
Singapore,Premium Dry Dog Food,Kilograms,2023,75071938
Singapore,Premium Dry Dog Food,Kilograms,2024,70262181
Singapore,Premium Dry Dog Food,Kilograms,2025,75335583
Singapore,Premium Wet Cat Food,Kilograms,2012,33187319
Singapore,Premium Wet Cat Food,Kilograms,2013,30062321
Singapore,Premium Wet Cat Food,Kilograms,2014,89282051
Singapore,Premium Wet Cat Food,Kilograms,2015,27737729
Singapore,Premium Wet Cat Food,Kilograms,2016,66147445
Singapore,Premium Wet Cat Food,Kilograms,2017,37801182
Singapore,Premium Wet Cat Food,Kilograms,2018,32583668
Singapore,Premium Wet Cat Food,Kilograms,2019,89923455
Singapore,Premium Wet Cat Food,Kilograms,2020,61104510
Singapore,Premium Wet Cat Food,Kilograms,2021,47970997
Singapore,Premium Wet Cat Food,Kilograms,2022,83871490
Singapore,Premium Wet Cat Food,Kilograms,2023,56144375
Singapore,Premium Wet Cat Food,Kilograms,2024,87966457
Singapore,Premium Wet Cat Food,Kilograms,2025,46810934
Singapore,Premium Wet Dog Food,Kilograms,2012,63631958
Singapore,Premium Wet Dog Food,Kilograms,2013,56527293
Singapore,Premium Wet Dog Food,Kilograms,2014,35744760
Singapore,Premium Wet Dog Food,Kilograms,2015,45104246
Singapore,Premium Wet Dog Food,Kilograms,2016,85663512
Singapore,Premium Wet Dog Food,Kilograms,2017,86324008
Singapore,Premium Wet Dog Food,Kilograms,2018,52059916
Singapore,Premium Wet Dog Food,Kilograms,2019,60185362
Singapore,Premium Wet Dog Food,Kilograms,2020,57536251
Singapore,Premium Wet Dog Food,Kilograms,2021,58976083
Singapore,Premium Wet Dog Food,Kilograms,2022,84354265
Singapore,Premium Wet Dog Food,Kilograms,2023,20856702
Singapore,Premium Wet Dog Food,Kilograms,2024,45563367
Singapore,Premium Wet Dog Food,Kilograms,2025,52994026
South Korea,Economy Dry Cat Food,Kilograms,2012,61198191
South Korea,Economy Dry Cat Food,Kilograms,2013,26934406
South Korea,Economy Dry Cat Food,Kilograms,2014,49736284
South Korea,Economy Dry Cat Food,Kilograms,2015,67266829
South Korea,Economy Dry Cat Food,Kilograms,2016,71290862
South Korea,Economy Dry Cat Food,Kilograms,2017,62640507
South Korea,Economy Dry Cat Food,Kilograms,2018,77550018
South Korea,Economy Dry Cat Food,Kilograms,2019,89677067
South Korea,Economy Dry Cat Food,Kilograms,2020,33082182
South Korea,Economy Dry Cat Food,Kilograms,2021,32826573
South Korea,Economy Dry Cat Food,Kilograms,2022,86626171
South Korea,Economy Dry Cat Food,Kilograms,2023,57175735
South Korea,Economy Dry Cat Food,Kilograms,2024,68734435
South Korea,Economy Dry Cat Food,Kilograms,2025,72368510
South Korea,Economy Dry Dog Food,Kilograms,2012,68746902
South Korea,Economy Dry Dog Food,Kilograms,2013,42771378
South Korea,Economy Dry Dog Food,Kilograms,2014,21130421
South Korea,Economy Dry Dog Food,Kilograms,2015,88262957
South Korea,Economy Dry Dog Food,Kilograms,2016,86304034
South Korea,Economy Dry Dog Food,Kilograms,2017,66250802
South Korea,Economy Dry Dog Food,Kilograms,2018,44483659
South Korea,Economy Dry Dog Food,Kilograms,2019,40546589
South Korea,Economy Dry Dog Food,Kilograms,2020,87311367
South Korea,Economy Dry Dog Food,Kilograms,2021,29023926
South Korea,Economy Dry Dog Food,Kilograms,2022,75557170
South Korea,Economy Dry Dog Food,Kilograms,2023,43106377
South Korea,Economy Dry Dog Food,Kilograms,2024,39084859
South Korea,Economy Dry Dog Food,Kilograms,2025,26431182
South Korea,Mid-Priced Dry Cat Food,Kilograms,2012,78233976
South Korea,Mid-Priced Dry Cat Food,Kilograms,2013,53435230
South Korea,Mid-Priced Dry Cat Food,Kilograms,2014,22747050
South Korea,Mid-Priced Dry Cat Food,Kilograms,2015,21971595
South Korea,Mid-Priced Dry Cat Food,Kilograms,2016,79715889
South Korea,Mid-Priced Dry Cat Food,Kilograms,2017,22867768
South Korea,Mid-Priced Dry Cat Food,Kilograms,2018,42249630
South Korea,Mid-Priced Dry Cat Food,Kilograms,2019,67102343
South Korea,Mid-Priced Dry Cat Food,Kilograms,2020,59003163
South Korea,Mid-Priced Dry Cat Food,Kilograms,2021,28987439
South Korea,Mid-Priced Dry Cat Food,Kilograms,2022,44113455
South Korea,Mid-Priced Dry Cat Food,Kilograms,2023,48864990
South Korea,Mid-Priced Dry Cat Food,Kilograms,2024,46151393
South Korea,Mid-Priced Dry Cat Food,Kilograms,2025,22646598
South Korea,Mid-Priced Dry Dog Food,Kilograms,2012,40138032
South Korea,Mid-Priced Dry Dog Food,Kilograms,2013,47963885
South Korea,Mid-Priced Dry Dog Food,Kilograms,2014,25393664
South Korea,Mid-Priced Dry Dog Food,Kilograms,2015,71045646
South Korea,Mid-Priced Dry Dog Food,Kilograms,2016,66095663
South Korea,Mid-Priced Dry Dog Food,Kilograms,2017,79873571
South Korea,Mid-Priced Dry Dog Food,Kilograms,2018,40602892
South Korea,Mid-Priced Dry Dog Food,Kilograms,2019,47441456
South Korea,Mid-Priced Dry Dog Food,Kilograms,2020,26226722
South Korea,Mid-Priced Dry Dog Food,Kilograms,2021,40272276
South Korea,Mid-Priced Dry Dog Food,Kilograms,2022,62226017
South Korea,Mid-Priced Dry Dog Food,Kilograms,2023,60445350
South Korea,Mid-Priced Dry Dog Food,Kilograms,2024,79708765
South Korea,Mid-Priced Dry Dog Food,Kilograms,2025,56917379
South Korea,Mid-Priced Wet Cat Food,Kilograms,2012,81547164
South Korea,Mid-Priced Wet Cat Food,Kilograms,2013,86954693
South Korea,Mid-Priced Wet Cat Food,Kilograms,2014,82734898
South Korea,Mid-Priced Wet Cat Food,Kilograms,2015,60566578
South Korea,Mid-Priced Wet Cat Food,Kilograms,2016,34338904
South Korea,Mid-Priced Wet Cat Food,Kilograms,2017,72342223
South Korea,Mid-Priced Wet Cat Food,Kilograms,2018,34648237
South Korea,Mid-Priced Wet Cat Food,Kilograms,2019,57163947
South Korea,Mid-Priced Wet Cat Food,Kilograms,2020,74871446
South Korea,Mid-Priced Wet Cat Food,Kilograms,2021,80429606
South Korea,Mid-Priced Wet Cat Food,Kilograms,2022,20075889
South Korea,Mid-Priced Wet Cat Food,Kilograms,2023,40698794
South Korea,Mid-Priced Wet Cat Food,Kilograms,2024,46357887
South Korea,Mid-Priced Wet Cat Food,Kilograms,2025,78329157
South Korea,Mid-Priced Wet Dog Food,Kilograms,2012,59992303
South Korea,Mid-Priced Wet Dog Food,Kilograms,2013,68848830
South Korea,Mid-Priced Wet Dog Food,Kilograms,2014,72781147
South Korea,Mid-Priced Wet Dog Food,Kilograms,2015,83790569
South Korea,Mid-Priced Wet Dog Food,Kilograms,2016,35958339
South Korea,Mid-Priced Wet Dog Food,Kilograms,2017,88482646
South Korea,Mid-Priced Wet Dog Food,Kilograms,2018,40373989
South Korea,Mid-Priced Wet Dog Food,Kilograms,2019,78027141
South Korea,Mid-Priced Wet Dog Food,Kilograms,2020,46584232
South Korea,Mid-Priced Wet Dog Food,Kilograms,2021,88206131
South Korea,Mid-Priced Wet Dog Food,Kilograms,2022,49665423
South Korea,Mid-Priced Wet Dog Food,Kilograms,2023,24481874
South Korea,Mid-Priced Wet Dog Food,Kilograms,2024,74022172
South Korea,Mid-Priced Wet Dog Food,Kilograms,2025,34561255
South Korea,Premium Dry Cat Food,Kilograms,2012,57889560
South Korea,Premium Dry Cat Food,Kilograms,2013,26968965
South Korea,Premium Dry Cat Food,Kilograms,2014,60971429
South Korea,Premium Dry Cat Food,Kilograms,2015,89476871
South Korea,Premium Dry Cat Food,Kilograms,2016,28626890
South Korea,Premium Dry Cat Food,Kilograms,2017,78850414
South Korea,Premium Dry Cat Food,Kilograms,2018,82355434
South Korea,Premium Dry Cat Food,Kilograms,2019,59097225
South Korea,Premium Dry Cat Food,Kilograms,2020,57748798
South Korea,Premium Dry Cat Food,Kilograms,2021,27234719
South Korea,Premium Dry Cat Food,Kilograms,2022,29954217
South Korea,Premium Dry Cat Food,Kilograms,2023,68091523
South Korea,Premium Dry Cat Food,Kilograms,2024,57043927
South Korea,Premium Dry Cat Food,Kilograms,2025,31135709
South Korea,Premium Dry Dog Food,Kilograms,2012,55207612
South Korea,Premium Dry Dog Food,Kilograms,2013,70836910
South Korea,Premium Dry Dog Food,Kilograms,2014,20185124
South Korea,Premium Dry Dog Food,Kilograms,2015,20773647
South Korea,Premium Dry Dog Food,Kilograms,2016,30707766
South Korea,Premium Dry Dog Food,Kilograms,2017,20865179
South Korea,Premium Dry Dog Food,Kilograms,2018,49549107
South Korea,Premium Dry Dog Food,Kilograms,2019,46047102
South Korea,Premium Dry Dog Food,Kilograms,2020,72364565
South Korea,Premium Dry Dog Food,Kilograms,2021,48350505
South Korea,Premium Dry Dog Food,Kilograms,2022,69678604
South Korea,Premium Dry Dog Food,Kilograms,2023,40051580
South Korea,Premium Dry Dog Food,Kilograms,2024,53431535
South Korea,Premium Dry Dog Food,Kilograms,2025,74048171
South Korea,Premium Wet Cat Food,Kilograms,2012,48091788
South Korea,Premium Wet Cat Food,Kilograms,2013,42356966
South Korea,Premium Wet Cat Food,Kilograms,2014,25588398
South Korea,Premium Wet Cat Food,Kilograms,2015,83201412
South Korea,Premium Wet Cat Food,Kilograms,2016,42444590
South Korea,Premium Wet Cat Food,Kilograms,2017,83663848
South Korea,Premium Wet Cat Food,Kilograms,2018,80706626
South Korea,Premium Wet Cat Food,Kilograms,2019,75905771
South Korea,Premium Wet Cat Food,Kilograms,2020,47037531
South Korea,Premium Wet Cat Food,Kilograms,2021,43580556
South Korea,Premium Wet Cat Food,Kilograms,2022,54950253
South Korea,Premium Wet Cat Food,Kilograms,2023,65262428
South Korea,Premium Wet Cat Food,Kilograms,2024,37657324
South Korea,Premium Wet Cat Food,Kilograms,2025,74768754
South Korea,Premium Wet Dog Food,Kilograms,2012,78661032
South Korea,Premium Wet Dog Food,Kilograms,2013,86927635
South Korea,Premium Wet Dog Food,Kilograms,2014,27983742
South Korea,Premium Wet Dog Food,Kilograms,2015,78068648
South Korea,Premium Wet Dog Food,Kilograms,2016,77476450
South Korea,Premium Wet Dog Food,Kilograms,2017,74608560
South Korea,Premium Wet Dog Food,Kilograms,2018,46579622
South Korea,Premium Wet Dog Food,Kilograms,2019,46824516
South Korea,Premium Wet Dog Food,Kilograms,2020,25239720
South Korea,Premium Wet Dog Food,Kilograms,2021,39694212
South Korea,Premium Wet Dog Food,Kilograms,2022,57096369
South Korea,Premium Wet Dog Food,Kilograms,2023,83386440
South Korea,Premium Wet Dog Food,Kilograms,2024,41053945
South Korea,Premium Wet Dog Food,Kilograms,2025,48935613
Thailand,Economy Dry Cat Food,Kilograms,2012,71479675
Thailand,Economy Dry Cat Food,Kilograms,2013,31979187
Thailand,Economy Dry Cat Food,Kilograms,2014,83971953
Thailand,Economy Dry Cat Food,Kilograms,2015,52005269
Thailand,Economy Dry Cat Food,Kilograms,2016,48992353
Thailand,Economy Dry Cat Food,Kilograms,2017,79390370
Thailand,Economy Dry Cat Food,Kilograms,2018,25894210
Thailand,Economy Dry Cat Food,Kilograms,2019,23825012
Thailand,Economy Dry Cat Food,Kilograms,2020,20216034
Thailand,Economy Dry Cat Food,Kilograms,2021,75527222
Thailand,Economy Dry Cat Food,Kilograms,2022,44929487
Thailand,Economy Dry Cat Food,Kilograms,2023,69743979
Thailand,Economy Dry Cat Food,Kilograms,2024,42586882
Thailand,Economy Dry Cat Food,Kilograms,2025,24021186
Thailand,Economy Dry Dog Food,Kilograms,2012,38858205
Thailand,Economy Dry Dog Food,Kilograms,2013,51404865
Thailand,Economy Dry Dog Food,Kilograms,2014,27699381
Thailand,Economy Dry Dog Food,Kilograms,2015,52524850
Thailand,Economy Dry Dog Food,Kilograms,2016,30925826
Thailand,Economy Dry Dog Food,Kilograms,2017,35235719
Thailand,Economy Dry Dog Food,Kilograms,2018,23443747
Thailand,Economy Dry Dog Food,Kilograms,2019,75703273
Thailand,Economy Dry Dog Food,Kilograms,2020,24563014
Thailand,Economy Dry Dog Food,Kilograms,2021,87887498
Thailand,Economy Dry Dog Food,Kilograms,2022,46386227
Thailand,Economy Dry Dog Food,Kilograms,2023,84163944
Thailand,Economy Dry Dog Food,Kilograms,2024,20970989
Thailand,Economy Dry Dog Food,Kilograms,2025,56442732
Thailand,Economy Wet Cat Food,Kilograms,2012,66508390
Thailand,Economy Wet Cat Food,Kilograms,2013,69657437
Thailand,Economy Wet Cat Food,Kilograms,2014,40851856
Thailand,Economy Wet Cat Food,Kilograms,2015,38989422
Thailand,Economy Wet Cat Food,Kilograms,2016,20649696
Thailand,Economy Wet Cat Food,Kilograms,2017,89056490
Thailand,Economy Wet Cat Food,Kilograms,2018,73797945
Thailand,Economy Wet Cat Food,Kilograms,2019,51761795
Thailand,Economy Wet Cat Food,Kilograms,2020,47655150
Thailand,Economy Wet Cat Food,Kilograms,2021,48319138
Thailand,Economy Wet Cat Food,Kilograms,2022,26240790
Thailand,Economy Wet Cat Food,Kilograms,2023,65133450
Thailand,Economy Wet Cat Food,Kilograms,2024,73240788
Thailand,Economy Wet Cat Food,Kilograms,2025,88238259
Thailand,Economy Wet Dog Food,Kilograms,2012,21950432
Thailand,Economy Wet Dog Food,Kilograms,2013,25434508
Thailand,Economy Wet Dog Food,Kilograms,2014,50779660
Thailand,Economy Wet Dog Food,Kilograms,2015,65064007
Thailand,Economy Wet Dog Food,Kilograms,2016,57355901
Thailand,Economy Wet Dog Food,Kilograms,2017,86401239
Thailand,Economy Wet Dog Food,Kilograms,2018,70567003
Thailand,Economy Wet Dog Food,Kilograms,2019,37741757
Thailand,Economy Wet Dog Food,Kilograms,2020,37096874
Thailand,Economy Wet Dog Food,Kilograms,2021,80764891
Thailand,Economy Wet Dog Food,Kilograms,2022,60760060
Thailand,Economy Wet Dog Food,Kilograms,2023,43300572
Thailand,Economy Wet Dog Food,Kilograms,2024,48066055
Thailand,Economy Wet Dog Food,Kilograms,2025,74890011
Thailand,Mid-Priced Dry Cat Food,Kilograms,2012,52044408
Thailand,Mid-Priced Dry Cat Food,Kilograms,2013,89774706
Thailand,Mid-Priced Dry Cat Food,Kilograms,2014,30394672
Thailand,Mid-Priced Dry Cat Food,Kilograms,2015,52375578
Thailand,Mid-Priced Dry Cat Food,Kilograms,2016,38373684
Thailand,Mid-Priced Dry Cat Food,Kilograms,2017,77228543
Thailand,Mid-Priced Dry Cat Food,Kilograms,2018,36048091
Thailand,Mid-Priced Dry Cat Food,Kilograms,2019,26153534
Thailand,Mid-Priced Dry Cat Food,Kilograms,2020,62259877
Thailand,Mid-Priced Dry Cat Food,Kilograms,2021,89502744
Thailand,Mid-Priced Dry Cat Food,Kilograms,2022,55660250
Thailand,Mid-Priced Dry Cat Food,Kilograms,2023,32510609
Thailand,Mid-Priced Dry Cat Food,Kilograms,2024,81276370
Thailand,Mid-Priced Dry Cat Food,Kilograms,2025,87483189
Thailand,Mid-Priced Dry Dog Food,Kilograms,2012,67471150
Thailand,Mid-Priced Dry Dog Food,Kilograms,2013,87078160
Thailand,Mid-Priced Dry Dog Food,Kilograms,2014,38048104
Thailand,Mid-Priced Dry Dog Food,Kilograms,2015,45001694
Thailand,Mid-Priced Dry Dog Food,Kilograms,2016,32261112
Thailand,Mid-Priced Dry Dog Food,Kilograms,2017,47017321
Thailand,Mid-Priced Dry Dog Food,Kilograms,2018,74729645
Thailand,Mid-Priced Dry Dog Food,Kilograms,2019,86744316
Thailand,Mid-Priced Dry Dog Food,Kilograms,2020,64898962
Thailand,Mid-Priced Dry Dog Food,Kilograms,2021,82061067
Thailand,Mid-Priced Dry Dog Food,Kilograms,2022,70558798
Thailand,Mid-Priced Dry Dog Food,Kilograms,2023,51845736
Thailand,Mid-Priced Dry Dog Food,Kilograms,2024,85486764
Thailand,Mid-Priced Dry Dog Food,Kilograms,2025,31421482
Thailand,Mid-Priced Wet Cat Food,Kilograms,2012,33179844
Thailand,Mid-Priced Wet Cat Food,Kilograms,2013,89488102
Thailand,Mid-Priced Wet Cat Food,Kilograms,2014,53826923
Thailand,Mid-Priced Wet Cat Food,Kilograms,2015,69258372
Thailand,Mid-Priced Wet Cat Food,Kilograms,2016,23579378
Thailand,Mid-Priced Wet Cat Food,Kilograms,2017,70362237
Thailand,Mid-Priced Wet Cat Food,Kilograms,2018,31016600
Thailand,Mid-Priced Wet Cat Food,Kilograms,2019,37338804
Thailand,Mid-Priced Wet Cat Food,Kilograms,2020,63107349
Thailand,Mid-Priced Wet Cat Food,Kilograms,2021,29853368
Thailand,Mid-Priced Wet Cat Food,Kilograms,2022,71651177
Thailand,Mid-Priced Wet Cat Food,Kilograms,2023,30283666
Thailand,Mid-Priced Wet Cat Food,Kilograms,2024,75645370
Thailand,Mid-Priced Wet Cat Food,Kilograms,2025,46631405
Thailand,Mid-Priced Wet Dog Food,Kilograms,2012,85813979
Thailand,Mid-Priced Wet Dog Food,Kilograms,2013,31578070
Thailand,Mid-Priced Wet Dog Food,Kilograms,2014,29545807
Thailand,Mid-Priced Wet Dog Food,Kilograms,2015,89555970
Thailand,Mid-Priced Wet Dog Food,Kilograms,2016,76718320
Thailand,Mid-Priced Wet Dog Food,Kilograms,2017,85599869
Thailand,Mid-Priced Wet Dog Food,Kilograms,2018,78996486
Thailand,Mid-Priced Wet Dog Food,Kilograms,2019,34393744
Thailand,Mid-Priced Wet Dog Food,Kilograms,2020,80848740
Thailand,Mid-Priced Wet Dog Food,Kilograms,2021,59107868
Thailand,Mid-Priced Wet Dog Food,Kilograms,2022,75473423
Thailand,Mid-Priced Wet Dog Food,Kilograms,2023,85858334
Thailand,Mid-Priced Wet Dog Food,Kilograms,2024,36623093
Thailand,Mid-Priced Wet Dog Food,Kilograms,2025,75063720
Thailand,Premium Dry Cat Food,Kilograms,2012,31441482
Thailand,Premium Dry Cat Food,Kilograms,2013,42399324
Thailand,Premium Dry Cat Food,Kilograms,2014,83171537
Thailand,Premium Dry Cat Food,Kilograms,2015,23043067
Thailand,Premium Dry Cat Food,Kilograms,2016,60057008
Thailand,Premium Dry Cat Food,Kilograms,2017,81046631
Thailand,Premium Dry Cat Food,Kilograms,2018,57334947
Thailand,Premium Dry Cat Food,Kilograms,2019,41956239
Thailand,Premium Dry Cat Food,Kilograms,2020,42980830
Thailand,Premium Dry Cat Food,Kilograms,2021,44677354
Thailand,Premium Dry Cat Food,Kilograms,2022,39908205
Thailand,Premium Dry Cat Food,Kilograms,2023,28293420
Thailand,Premium Dry Cat Food,Kilograms,2024,85206380
Thailand,Premium Dry Cat Food,Kilograms,2025,40338290
Thailand,Premium Dry Dog Food,Kilograms,2012,30341306
Thailand,Premium Dry Dog Food,Kilograms,2013,63943505
Thailand,Premium Dry Dog Food,Kilograms,2014,48003723
Thailand,Premium Dry Dog Food,Kilograms,2015,46974888
Thailand,Premium Dry Dog Food,Kilograms,2016,45911192
Thailand,Premium Dry Dog Food,Kilograms,2017,56474526
Thailand,Premium Dry Dog Food,Kilograms,2018,42401091
Thailand,Premium Dry Dog Food,Kilograms,2019,25018094
Thailand,Premium Dry Dog Food,Kilograms,2020,77527620
Thailand,Premium Dry Dog Food,Kilograms,2021,81475355
Thailand,Premium Dry Dog Food,Kilograms,2022,66708291
Thailand,Premium Dry Dog Food,Kilograms,2023,53530587
Thailand,Premium Dry Dog Food,Kilograms,2024,41079503
Thailand,Premium Dry Dog Food,Kilograms,2025,22100226
Thailand,Premium Wet Cat Food,Kilograms,2012,31539990
Thailand,Premium Wet Cat Food,Kilograms,2013,43179377
Thailand,Premium Wet Cat Food,Kilograms,2014,48677778
Thailand,Premium Wet Cat Food,Kilograms,2015,73204484
Thailand,Premium Wet Cat Food,Kilograms,2016,86349001
Thailand,Premium Wet Cat Food,Kilograms,2017,24382282
Thailand,Premium Wet Cat Food,Kilograms,2018,67928859
Thailand,Premium Wet Cat Food,Kilograms,2019,87697594
Thailand,Premium Wet Cat Food,Kilograms,2020,24206651
Thailand,Premium Wet Cat Food,Kilograms,2021,84125233
Thailand,Premium Wet Cat Food,Kilograms,2022,78203187
Thailand,Premium Wet Cat Food,Kilograms,2023,26901000
Thailand,Premium Wet Cat Food,Kilograms,2024,53479391
Thailand,Premium Wet Cat Food,Kilograms,2025,49388327
Thailand,Premium Wet Dog Food,Kilograms,2012,56551606
Thailand,Premium Wet Dog Food,Kilograms,2013,27854576
Thailand,Premium Wet Dog Food,Kilograms,2014,59608117
Thailand,Premium Wet Dog Food,Kilograms,2015,80585721
Thailand,Premium Wet Dog Food,Kilograms,2016,75117167
Thailand,Premium Wet Dog Food,Kilograms,2017,36691010
Thailand,Premium Wet Dog Food,Kilograms,2018,35234948
Thailand,Premium Wet Dog Food,Kilograms,2019,27215303
Thailand,Premium Wet Dog Food,Kilograms,2020,84196056
Thailand,Premium Wet Dog Food,Kilograms,2021,76367745
Thailand,Premium Wet Dog Food,Kilograms,2022,46007900
Thailand,Premium Wet Dog Food,Kilograms,2023,47775586
Thailand,Premium Wet Dog Food,Kilograms,2024,21985484
Thailand,Premium Wet Dog Food,Kilograms,2025,37740475
